"PHEC_result_ID","PHEC_geographical_coverage_ID","geographical_coverage"
"1","1","England"
"1","2","Wales"
"1","3","UK"
"1","4","Great Britain"
"2","1","England"
"3","1","England"
"3","2","Wales"
"3","3","UK"
"3","4","Great Britain"
"4","1","England"
"5","1","England"
"6","1","England"
"7","1","England"
"7","2","Wales"
"7","3","UK"
"7","4","Great Britain"
"8","1","England"
"9","1","England"
"9","2","Wales"
"9","3","UK"
"9","4","Great Britain"
"10","1","England"
"11","1","England"
"12","1","England"
"12","2","Wales"
"12","3","UK"
"12","4","Great Britain"
"13","1","England"
"13","2","Wales"
"13","3","UK"
"13","4","Great Britain"
"14","1","England"
"15","1","England"
"16","1","England"
"17","1","England"
"18","1","England"
"19","1","England"
"20","1","England"
"21","1","England"
"21","2","UK"
"22","1","England"
"23","1","England"
"23","2","UK"
"24","1","England"
"24","2","UK"
"24","3","Great Britain"
"25","1","England"
"26","1","England"
"26","2","UK"
"27","1","England"
"28","1","England"
"28","2","UK"
"29","1","England"
"30","1","England"
"31","1","England"
"32","1","England"
"32","2","UK"
"33","1","England"
"34","1","England"
"35","1","England"
"36","1","England"
"36","2","UK"
"37","1","England"
"38","1","England"
"39","1","England"
"40","1","England"
"40","2","UK"
"41","1","England"
"42","1","England"
"43","1","England"
"44","1","England"
"45","1","England"
"46","1","England"
"47","1","England"
"48","1","England"
"49","1","England"
"50","1","England"
"51","1","England"
"52","1","England"
"53","1","England"
"54","1","England"
"55","1","England"
"56","1","England"
"57","1","England"
"58","1","England"
"59","1","England"
"60","1","England"
"61","1","England"
"62","1","England"
"63","1","England"
"64","1","England"
"65","1","England"
"66","1","England"
"67","1","England"
"68","1","England"
"69","1","England"
"70","1","England"
"71","1","England"
"72","1","England"
"73","1","England"
"74","1","England"
"75","1","England"
"76","1","England"
"77","1","England"
"78","1","England"
"79","1","England"
"80","1","England"
"81","1","England"
"82","1","England"
"83","1","England"
"84","1","England"
"85","1","England"
"86","1","England"
"87","1","England"
"88","1","England"
"89","1","England"
"90","1","England"
"91","1","England"
"92","1","England"
"93","1","England"
"94","1","England"
"95","1","England"
"96","1","England"
"97","1","England"
"98","1","England"
"99","1","England"
"100","1","England"
"101","1","England"
"102","1","England"
"103","1","England"
"104","1","England"
"105","1","England"
"106","1","England"
"107","1","England"
"108","1","England"
"109","1","England"
"110","1","England"
"111","1","England"
"112","1","England"
"113","1","England"
"114","1","UK"
"115","1","England"
"116","1","England"
"117","1","UK"
"118","1","England"
"119","1","England"
"120","1","UK"
"121","1","England"
"122","1","England"
"122","2","Great Britain"
"123","1","England"
"123","2","Great Britain"
"124","1","England"
"125","1","England"
"125","2","Great Britain"
"126","1","England"
"126","2","Great Britain"
"127","1","England"
"128","1","England"
"128","2","Great Britain"
"129","1","England"
"130","1","England"
"130","2","Great Britain"
"131","1","England"
"132","1","UK"
"133","1","UK"
"134","1","England"
"135","1","England"
"136","1","England"
"137","1","England"
"138","1","England"
"139","1","England"
"140","1","England"
"141","1","England"
"142","1","England"
"143","1","England"
"144","1","England"
"145","1","England"
"146","1","England"
"147","1","England"
"148","1","England"
"149","1","England"
"150","1","England"
"151","1","England"
"152","1","England"
"153","1","England"
"154","1","England"
"155","1","England"
"156","1","England"
"157","1","England"
"158","1","England"
"159","1","England"
"160","1","England"
"161","1","England"
"162","1","England"
"163","1","England"
"164","1","England"
"165","1","England"
"166","1","England"
"167","1","England"
"168","1","England"
"169","1","England"
"170","1","England"
"171","1","England"
"172","1","England"
"173","1","England"
"174","1","England"
"175","1","England"
"176","1","England"
"177","1","England"
"178","1","England"
"179","1","England"
"180","1","England"
"181","1","England"
"182","1","England"
"183","1","England"
"184","1","England"
"185","1","England"
"185","2","Wales"
"186","1","England"
"186","2","Wales"
"187","1","England"
"188","1","England"
"189","1","England"
"190","1","England"
"191","1","UK"
"192","1","UK"
"193","1","England"
"194","1","England"
"195","1","England"
"196","1","England"
"196","2","Wales"
"196","3","Northern Ireland"
"197","1","Great Britain"
"198","1","UK"
"199","1","UK"
"200","1","UK"
"201","1","UK"
"202","1","England"
"202","2","Wales"
"202","3","Northern Ireland"
"203","1","England"
"203","2","Wales"
"204","1","England"
"204","2","Wales"
"205","1","England"
"206","1","England"
"207","1","Scotland"
"208","1","England"
"209","1","England"
"209","2","Wales"
"210","1","England"
"211","1","England"
"212","1","Great Britain"
"213","1","England"
"214","1","England"
"215","1","Great Britain"
"216","1","England"
"217","1","England"
"218","1","England"
"218","2","Wales"
"219","1","England"
"219","2","Wales"
"220","1","England"
"221","1","England"
"221","2","Wales"
"222","1","England"
"222","2","Wales"
"223","1","England"
"224","1","England"
"224","2","Wales"
"225","1","England"
"226","1","England"
"227","1","Great Britain"
"228","1","England"
"229","1","England"
"229","2","Wales"
"230","1","England"
"230","2","Wales"
"231","1","England"
"232","1","England"
"232","2","Wales"
"233","1","England"
"233","2","Wales"
"234","1","England"
"235","1","England"
"236","1","England"
"236","2","Wales"
"237","1","England"
"237","2","Wales"
"238","1","England"
"239","1","Northern Ireland"
"240","1","England"
"241","1","England"
"241","2","Wales"
"242","1","Northern Ireland"
"243","1","England"
"244","1","England"
"244","2","Wales"
"245","1","Northern Ireland"
"246","1","England"
"246","2","Wales"
"247","1","England"
"247","2","Wales"
"248","1","England"
"248","2","Wales"
"249","1","England"
"250","1","Scotland"
"251","1","England"
"251","2","Wales"
"252","1","England"
"253","1","England"
"254","1","England"
"255","1","England"
"256","1","England"
"257","1","England"
"257","2","Wales"
"258","1","England"
"258","2","Wales"
"259","1","England"
"260","1","England"
"261","1","England"
"262","1","England"
"263","1","Scotland"
"264","1","England"
"265","1","England"
"266","1","England"
"267","1","UK"
"268","1","UK"
"269","1","England"
"269","2","Wales"
"270","1","England"
"271","1","England"
"272","1","England"
"273","1","England"
"274","1","England"
"274","2","Wales"
"275","1","England"
"276","1","Northern Ireland"
"277","1","England"
"278","1","England"
"279","1","England"
"280","1","England"
"281","1","England"
"282","1","England"
"282","2","Wales"
"283","1","England"
"284","1","England"
"285","1","England"
"286","1","England"
"287","1","England"
"288","1","England"
"289","1","England"
"290","1","England"
"291","1","England"
"292","1","England"
"293","1","England"
"294","1","England"
"295","1","England"
"296","1","England"
"297","1","England"
"298","1","England"
"299","1","England"
"300","1","England"
"301","1","England"
"302","1","England"
"303","1","England"
"304","1","England"
"305","1","England"
"306","1","England"
"307","1","England"
"308","1","England"
"309","1","England"
"310","1","England"
"310","2","Wales"
"311","1","England"
"312","1","England"
"312","2","Wales"
"313","1","England"
"314","1","England"
"315","1","England"
"316","1","England"
"317","1","England"
"318","1","England"
"319","1","England"
"320","1","England"
"321","1","England"
"322","1","England"
"323","1","England"
"324","1","England"
"325","1","England"
"326","1","England"
"327","1","England"
"328","1","England"
"329","1","England"
"330","1","England"
"331","1","England"
"332","1","England"
"333","1","England"
"334","1","England"
"334","2","Wales"
"335","1","England"
"336","1","England"
"337","1","England"
"338","1","England"
"339","1","England"
"340","1","England"
"341","1","England"
"342","1","England"
"342","2","Wales"
"343","1","England"
"344","1","England"
"345","1","England"
"345","2","Wales"
"346","1","England"
"347","1","England"
"348","1","England"
"349","1","England"
"349","2","Wales"
"350","1","England"
"351","1","England"
"352","1","England"
"353","1","England"
"354","1","England"
"355","1","England"
"356","1","England"
"357","1","England"
"358","1","England"
"359","1","England"
"360","1","England"
"361","1","England"
"362","1","England"
"363","1","England"
"364","1","England"
"365","1","England"
"366","1","England"
"367","1","England"
"368","1","England"
"369","1","England"
"370","1","England"
"371","1","England"
"372","1","England"
"373","1","England"
"374","1","England"
"375","1","England"
"376","1","England"
"377","1","England"
"378","1","England"
"379","1","England"
"380","1","England"
"381","1","England"
"382","1","England"
"383","1","England"
"384","1","England"
"385","1","England"
"386","1","England"
"387","1","England"
"388","1","England"
"389","1","England"
"390","1","England"
"391","1","England"
"392","1","England"
"393","1","England"
"394","1","England"
"395","1","England"
"396","1","England"
"397","1","England"
"398","1","England"
"399","1","England"
"400","1","England"
"401","1","England"
"401","2","Wales"
"402","1","England"
"403","1","England"
"404","1","England"
"405","1","England"
"406","1","England"
"407","1","England"
"408","1","England"
"409","1","England"
"410","1","UK"
"410","2","Great Britain"
"411","1","England"
"412","1","UK"
"412","2","Great Britain"
"413","1","England"
"414","1","England"
"415","1","England"
"416","1","England"
"417","1","England"
"418","1","England"
"419","1","England"
"420","1","UK"
"420","2","Great Britain"
"421","1","England"
"422","1","UK"
"422","2","Great Britain"
"423","1","England"
"424","1","UK"
"424","2","Great Britain"
"425","1","UK"
"426","1","England"
"427","1","UK"
"428","1","England"
"429","1","England"
"430","1","England"
"431","1","England"
"432","1","England"
"433","1","England"
"434","1","England"
"435","1","England"
"436","1","England"
"437","1","England"
"438","1","England"
"439","1","England"
"440","1","England"
"441","1","England"
"441","2","Wales"
"442","1","England"
"443","1","England"
"444","1","England"
"445","1","England"
"446","1","England"
"447","1","England"
"448","1","England"
"449","1","England"
"450","1","England"
"451","1","England"
"452","1","England"
"453","1","England"
"454","1","England"
"455","1","England"
"456","1","England"
"457","1","England"
"458","1","England"
"459","1","England"
"460","1","England"
"461","1","England"
"462","1","England"
"462","2","Wales"
"463","1","UK"
"464","1","England"
"464","2","Wales"
"465","1","England"
"465","2","Wales"
"466","1","England"
"466","2","Wales"
"467","1","UK"
"468","1","UK"
"469","1","England"
"469","2","Wales"
"470","1","UK"
"471","1","England"
"471","2","Wales"
"472","1","England"
"472","2","Wales"
"473","1","UK"
"474","1","UK"
"475","1","England"
"475","2","Wales"
"476","1","UK"
"476","2","International"
"477","1","UK"
"477","2","International"
"478","1","UK"
"479","1","England"
"479","2","Wales"
"480","1","England"
"480","2","Wales"
"480","3","UK"
"481","1","UK"
"482","1","England"
"482","2","Wales"
"483","1","UK"
"484","1","UK"
"485","1","England"
"485","2","Wales"
"486","1","UK"
"487","1","England"
"487","2","Wales"
"488","1","England"
"488","2","Wales"
"489","1","UK"
"490","1","England"
"490","2","Wales"
"491","1","England"
"491","2","Wales"
"492","1","England"
"492","2","Wales"
"493","1","UK"
"494","1","UK"
"495","1","England"
"495","2","Wales"
"496","1","England"
"496","2","Wales"
"497","1","UK"
"497","2","International"
"498","1","UK"
"499","1","UK"
"500","1","UK"
"501","1","UK"
"502","1","UK"
"503","1","UK"
"503","2","International"
"504","1","England"
"505","1","England"
"505","2","Wales"
"506","1","UK"
"507","1","UK"
"508","1","UK"
"509","1","UK"
"510","1","England"
"510","2","Wales"
"510","3","Northern Ireland"
"511","1","UK"
"512","1","UK"
"513","1","England"
"513","2","Wales"
"513","3","Northern Ireland"
"514","1","England"
"515","1","UK"
"516","1","UK"
"517","1","England"
"517","2","Wales"
"518","1","England"
"518","2","Wales"
"519","1","England"
"519","2","Wales"
"520","1","England"
"520","2","Wales"
"521","1","England"
"522","1","England"
"522","2","Wales"
"523","1","England"
"524","1","England"
"524","2","Wales"
"525","1","England"
"525","2","Wales"
"526","1","UK"
"527","1","UK"
"527","2","Great Britain"
"528","1","UK"
"528","2","Great Britain"
"529","1","England"
"530","1","England"
"531","1","England"
"531","2","UK"
"532","1","UK"
"532","2","Great Britain"
"533","1","England"
"534","1","England"
"535","1","England"
"536","1","England"
"537","1","England"
"538","1","England"
"539","1","England"
"540","1","England"
"541","1","England"
"542","1","England"
"543","1","England"
"544","1","England"
"545","1","England"
"546","1","England"
"547","1","England"
"548","1","England"
"549","1","England"
"550","1","England"
"551","1","England"
"552","1","England"
"553","1","England"
"554","1","England"
"555","1","England"
"556","1","England"
"557","1","England"
"558","1","England"
"559","1","England"
"560","1","England"
"561","1","England"
"562","1","England"
"563","1","England"
"564","1","England"
"565","1","England"
"566","1","England"
"567","1","England"
"568","1","England"
"569","1","England"
"570","1","England"
"571","1","England"
"572","1","England"
"573","1","England"
"574","1","England"
"575","1","England"
"576","1","England"
"577","1","England"
"578","1","England"
"579","1","England"
"580","1","England"
"581","1","England"
"582","1","England"
"583","1","England"
"583","2","Wales"
"584","1","England"
"584","2","Wales"
"585","1","England"
"585","2","Wales"
"586","1","England"
"587","1","England"
"588","1","England"
"589","1","England"
"590","1","England"
"591","1","England"
"592","1","England"
"593","1","England"
"594","1","England"
"595","1","England"
"596","1","England"
"597","1","England"
"598","1","England"
"599","1","England"
"600","1","England"
"601","1","England"
"602","1","England"
"603","1","England"
"604","1","England"
"605","1","England"
"606","1","England"
"607","1","England"
"608","1","England"
"609","1","England"
"610","1","England"
"611","1","England"
"612","1","England"
"613","1","England"
"614","1","England"
"615","1","England"
"616","1","England"
"617","1","England"
"618","1","England"
"619","1","England"
"620","1","England"
"621","1","England"
"622","1","England"
"623","1","England"
"624","1","England"
"625","1","England"
"626","1","England"
"627","1","England"
"628","1","England"
"629","1","England"
"630","1","England"
"631","1","England"
"632","1","England"
"632","2","Wales"
"633","1","England"
"634","1","England"
"635","1","England"
"636","1","England"
"637","1","England"
"637","2","Wales"
"638","1","England"
"639","1","England"
"640","1","England"
"641","1","England"
"642","1","England"
"643","1","England"
"644","1","England"
"645","1","England"
"646","1","England"
"647","1","England"
"648","1","England"
"649","1","England"
"650","1","England"
"650","2","Wales"
"651","1","England"
"652","1","England"
"653","1","England"
"654","1","England"
"655","1","England"
"656","1","England"
"657","1","England"
"658","1","England"
"659","1","England"
"660","1","England"
"661","1","England"
"662","1","England"
"663","1","England"
"664","1","England"
"665","1","England"
"666","1","England"
"667","1","England"
"668","1","England"
"669","1","England"
"670","1","England"
"671","1","England"
"672","1","England"
"673","1","England"
"674","1","England"
"675","1","England"
"676","1","England"
"677","1","England"
"678","1","England"
"679","1","England"
"680","1","UK"
"681","1","England"
"682","1","England"
"682","2","Wales"
"683","1","England"
"684","1","England"
"685","1","England"
"686","1","England"
"687","1","England"
"688","1","England"
"689","1","England"
"690","1","England"
"691","1","England"
"692","1","England"
"693","1","England"
"694","1","England"
"695","1","England"
"696","1","England"
"697","1","England"
"698","1","England"
"699","1","England"
"700","1","England"
"701","1","England"
"702","1","England"
"703","1","England"
"704","1","England"
"705","1","England"
"706","1","England"
"707","1","Great Britain"
"708","1","England"
"709","1","England"
"709","2","Wales"
"710","1","England"
"711","1","England"
"712","1","England"
"713","1","England"
"714","1","England"
"715","1","England"
"716","1","England"
"717","1","England"
"717","2","Wales"
"718","1","England"
"718","2","Wales"
"719","1","England"
"719","2","Wales"
"720","1","England"
"720","2","Wales"
"721","1","England"
"721","2","Wales"
"722","1","England"
"722","2","Wales"
"723","1","England"
"723","2","Wales"
"724","1","England"
"724","2","Wales"
"725","1","England"
"725","2","Wales"
"726","1","England"
"726","2","Wales"
"727","1","England"
"727","2","Wales"
"728","1","England"
"728","2","Wales"
"729","1","England"
"729","2","Wales"
"730","1","England"
"730","2","Wales"
"731","1","England"
"731","2","Wales"
"732","1","England"
"732","2","Wales"
"733","1","England"
"734","1","England"
"734","2","Wales"
"735","1","England"
"735","2","Wales"
"736","1","England"
"737","1","England"
"738","1","England"
"739","1","England"
"740","1","England"
"741","1","England"
"742","1","England"
"743","1","England"
"744","1","England"
"745","1","England"
"746","1","England"
"747","1","England"
"748","1","England"
"749","1","England"
"750","1","England"
"751","1","England"
"752","1","England"
"753","1","England"
"754","1","England"
"755","1","England"
"756","1","England"
"757","1","England"
"758","1","England"
"759","1","England"
"760","1","England"
"761","1","England"
"762","1","England"
"762","2","Wales"
"763","1","England"
"763","2","Wales"
"764","1","England"
"764","2","Wales"
"765","1","England"
"765","2","Wales"
"766","1","England"
"766","2","Wales"
"767","1","England"
"768","1","England"
"769","1","England"
"770","1","England"
"771","1","England"
"772","1","England"
"773","1","England"
"774","1","England"
"775","1","England"
"776","1","England"
"777","1","England"
"778","1","England"
"779","1","England"
"780","1","England"
"781","1","Wales"
"782","1","England"
"783","1","England"
"784","1","England"
"785","1","England"
"786","1","England"
"787","1","England"
"788","1","England"
"789","1","England"
"790","1","England"
"791","1","England"
"792","1","Wales"
"793","1","England"
"793","2","Wales"
"794","1","England"
"794","2","Wales"
"795","1","England"
"795","2","Wales"
"796","1","England"
"797","1","England"
"798","1","England"
"799","1","England"
"800","1","England"
"801","1","England"
"802","1","England"
"803","1","England"
"804","1","England"
"805","1","England"
"806","1","England"
"807","1","England"
"808","1","England"
"809","1","England"
"810","1","England"
"811","1","England"
"812","1","England"
"813","1","England"
"814","1","England"
"815","1","England"
"816","1","England"
"817","1","England"
"818","1","England"
"819","1","England"
"820","1","England"
"821","1","England"
"822","1","England"
"823","1","England"
"824","1","England"
"825","1","England"
"826","1","England"
"827","1","England"
"828","1","England"
"829","1","England"
"830","1","England"
"831","1","England"
"832","1","England"
"833","1","England"
"833","2","Great Britain"
"834","1","England"
"835","1","England"
"836","1","England"
"836","2","Wales"
"837","1","England"
"837","2","Wales"
"838","1","England"
"839","1","England"
"840","1","England"
"841","1","England"
"842","1","England"
"843","1","England"
"844","1","England"
"845","1","England"
"846","1","England"
"847","1","England"
"848","1","England"
"849","1","England"
"850","1","England"
"851","1","England"
"852","1","England"
"853","1","England"
"854","1","England"
"855","1","England"
"856","1","England"
"857","1","England"
"858","1","UK"
"859","1","UK"
"860","1","UK"
"861","1","UK"
"862","1","UK"
"863","1","UK"
"864","1","UK"
"865","1","UK"
"866","1","UK"
"867","1","UK"
"868","1","UK"
"869","1","UK"
"870","1","UK"
"871","1","UK"
"872","1","UK"
"873","1","England"
"874","1","England"
"875","1","UK"
"876","1","UK"
"876","2","Great Britain"
"877","1","England"
"878","1","England"
"879","1","Northern Ireland"
"880","1","Northern Ireland"
"881","1","England"
"882","1","England"
"883","1","Scotland"
"884","1","Scotland"
"885","1","England"
"886","1","England"
"887","1","England"
"887","2","UK"
"888","1","England"
"889","1","England"
"890","1","England"
"891","1","England"
"892","1","England"
"893","1","England"
"894","1","England"
"895","1","England"
"896","1","England"
"896","2","Wales"
"897","1","England"
"898","1","England"
"898","2","Wales"
"899","1","England"
"900","1","England"
"901","1","England"
"902","1","England"
"903","1","England"
"904","1","England"
"905","1","England"
"906","1","England"
"907","1","England"
"908","1","England"
"909","1","England"
"910","1","England"
"911","1","England"
"912","1","England"
"913","1","England"
"914","1","England"
"915","1","England"
"916","1","England"
"917","1","England"
"918","1","UK"
"918","2","Great Britain"
"919","1","UK"
"920","1","England"
"920","2","Wales"
"921","1","England"
"922","1","England"
"923","1","England"
"924","1","England"
"925","1","England"
"925","2","UK"
"926","1","England"
"927","1","England"
"927","2","UK"
"928","1","UK"
"929","1","England"
"930","1","England"
"931","1","England"
"932","1","England"
"933","1","UK"
"934","1","England"
"935","1","UK"
"936","1","UK"
"937","1","UK"
"938","1","UK"
"939","1","UK"
"940","1","UK"
"941","1","England"
"942","1","England"
"943","1","UK"
"944","1","UK"
"945","1","UK"
"946","1","UK"
"947","1","UK"
"948","1","England"
"948","2","UK"
"949","1","England"
"950","1","England"
"951","1","England"
"952","1","England"
"953","1","England"
"954","1","England"
"955","1","England"
"955","2","Scotland"
"955","3","Wales"
"955","4","UK"
"956","1","England"
"957","1","England"
"958","1","England"
"959","1","England"
"960","1","England"
"961","1","England"
"962","1","England"
"963","1","UK"
"964","1","UK"
"965","1","UK"
"966","1","UK"
"967","1","UK"
"968","1","UK"
"969","1","UK"
"970","1","UK"
"971","1","England"
"972","1","UK"
"973","1","UK"
"974","1","UK"
"975","1","UK"
"976","1","UK"
"977","1","UK"
"978","1","UK"
"979","1","UK"
"980","1","UK"
"981","1","UK"
"982","1","England"
"983","1","UK"
"984","1","UK"
"985","1","UK"
"986","1","UK"
"987","1","England"
"988","1","UK"
"989","1","UK"
"990","1","England"
"991","1","England"
"992","1","England"
"993","1","England"
"994","1","England"
"995","1","England"
"995","2","Wales"
"996","1","England"
"997","1","England"
"998","1","England"
"999","1","England"
"1000","1","England"
"1001","1","England"
"1002","1","England"
"1003","1","England"
"1004","1","UK"
"1005","1","England"
"1006","1","England"
"1007","1","England"
"1008","1","England"
"1009","1","England"
"1009","2","Wales"
"1010","1","England"
"1010","2","Wales"
"1011","1","England"
"1012","1","England"
"1013","1","England"
"1014","1","England"
"1015","1","England"
"1016","1","England"
"1017","1","England"
"1018","1","England"
"1019","1","England"
"1020","1","England"
"1021","1","England"
"1022","1","England"
"1023","1","England"
"1024","1","England"
"1025","1","England"
"1026","1","England"
"1027","1","England"
"1028","1","England"
"1029","1","England"
"1030","1","England"
"1031","1","England"
"1032","1","England"
"1033","1","England"
"1034","1","England"
"1035","1","England"
"1036","1","England"
"1037","1","England"
"1038","1","England"
"1039","1","England"
"1040","1","England"
"1041","1","England"
"1042","1","England"
"1043","1","England"
"1044","1","England"
"1045","1","England"
"1046","1","England"
"1047","1","England"
"1048","1","England"
"1049","1","England"
"1050","1","England"
"1051","1","England"
"1052","1","England"
"1053","1","England"
"1054","1","England"
"1055","1","England"
"1056","1","England"
"1057","1","England"
"1058","1","England"
"1059","1","England"
"1060","1","England"
"1061","1","England"
"1062","1","England"
"1063","1","England"
"1064","1","England"
"1065","1","England"
"1066","1","England"
"1066","2","Wales"
"1067","1","England"
"1068","1","England"
"1069","1","England"
"1070","1","England"
"1071","1","England"
"1072","1","England"
"1073","1","England"
"1074","1","England"
"1074","2","Wales"
"1075","1","England"
"1076","1","England"
"1076","2","Wales"
"1077","1","England"
"1078","1","England"
"1079","1","England"
"1080","1","England"
"1081","1","England"
"1082","1","England"
"1083","1","England"
"1083","2","Wales"
"1084","1","England"
"1084","2","Wales"
"1085","1","England"
"1086","1","England"
"1087","1","England"
"1088","1","England"
"1088","2","Wales"
"1089","1","England"
"1090","1","England"
"1091","1","England"
"1092","1","England"
"1093","1","England"
"1094","1","England"
"1095","1","England"
"1096","1","England"
"1097","1","England"
"1098","1","England"
"1099","1","England"
"1100","1","England"
"1101","1","England"
"1102","1","England"
"1103","1","England"
"1104","1","England"
"1105","1","England"
"1106","1","England"
"1107","1","England"
"1108","1","England"
"1109","1","England"
"1110","1","England"
"1111","1","England"
"1112","1","England"
"1113","1","England"
"1114","1","England"
"1115","1","England"
"1116","1","England"
"1117","1","England"
"1117","2","Wales"
"1117","3","Northern Ireland"
"1118","1","England"
"1119","1","England"
"1120","1","England"
"1121","1","England"
"1122","1","England"
"1123","1","England"
"1124","1","England"
"1125","1","England"
"1126","1","England"
"1127","1","England"
"1128","1","England"
"1129","1","England"
"1130","1","England"
"1131","1","England"
"1131","2","Wales"
"1132","1","England"
"1133","1","England"
"1134","1","England"
"1135","1","England"
"1136","1","England"
"1137","1","England"
"1138","1","England"
"1138","2","Wales"
"1139","1","England"
"1140","1","England"
"1141","1","England"
"1142","1","England"
"1142","2","Wales"
"1143","1","England"
"1144","1","England"
"1145","1","England"
"1146","1","England"
"1147","1","England"
"1148","1","England"
"1149","1","England"
"1150","1","England"
"1151","1","England"
"1152","1","England"
"1153","1","England"
"1154","1","England"
"1155","1","England"
"1156","1","England"
"1157","1","England"
"1158","1","England"
"1159","1","England"
"1160","1","England"
"1161","1","England"
"1162","1","England"
"1163","1","England"
"1164","1","England"
"1165","1","England"
"1166","1","England"
"1167","1","England"
"1168","1","England"
"1169","1","England"
"1170","1","England"
"1171","1","England"
"1172","1","England"
"1173","1","England"
"1174","1","England"
"1175","1","England"
"1175","2","Great Britain"
"1176","1","England"
"1176","2","Wales"
"1177","1","England"
"1178","1","England"
"1179","1","England"
"1179","2","Wales"
"1180","1","England"
"1181","1","England"
"1182","1","England"
"1183","1","England"
"1184","1","England"
"1185","1","England"
"1186","1","England"
"1187","1","England"
"1188","1","England"
"1189","1","England"
"1190","1","England"
"1191","1","England"
"1192","1","England"
"1193","1","England"
"1194","1","England"
"1195","1","England"
"1196","1","England"
"1197","1","England"
"1198","1","England"
"1199","1","England"
"1200","1","England"
"1201","1","England"
"1202","1","England"
"1203","1","England"
"1204","1","England"
"1204","2","UK"
"1205","1","England"
"1206","1","England"
"1206","2","Scotland"
"1206","3","Wales"
"1206","4","Northern Ireland"
"1206","5","UK"
"1207","1","England"
"1207","2","Wales"
"1208","1","England"
"1209","1","UK"
"1210","1","England"
"1211","1","England"
"1212","1","England"
"1213","1","Northern Ireland"
"1214","1","England"
"1215","1","England"
"1216","1","England"
"1217","1","England"
"1218","1","England"
"1219","1","England"
"1220","1","England"
"1221","1","England"
"1222","1","England"
"1223","1","England"
"1224","1","England"
"1225","1","England"
"1226","1","England"
"1227","1","England"
"1228","1","England"
"1228","2","UK"
"1229","1","England"
"1230","1","England"
"1231","1","England"
"1232","1","Scotland"
"1233","1","England"
"1234","1","Wales"
"1235","1","England"
"1236","1","England"
"1237","1","England"
"1238","1","England"
"1239","1","England"
"1240","1","England"
"1241","1","England"
"1242","1","England"
"1243","1","England"
"1244","1","England and Wales"
"1245","1","England"
"1246","1","England"
"1247","1","England"
"1248","1","England"
"1249","1","England"
"1250","1","England"
"1251","1","England"
"1252","1","England"
"1253","1","England"
"1254","1","UK"
"1255","1","England"
"1256","1","England"
"1257","1","England"
"1258","1","England"
"1259","1","England"
"1260","1","England"
"1261","1","England"
"1262","1","England"
"1263","1","England"
"1264","1","Scotland"
"1265","1","England"
"1266","1","Scotland"
"1266","2","England and Wales"
"1267","1","England"
"1268","1","England"
"1269","1","England"
"1270","1","England"
"1271","1","England"
"1272","1","Wales"
"1273","1","England and Wales"
"1274","1","England"
"1275","1","England"
"1276","1","England"
"1277","1","England"
"1278","1","England"
"1278","2","UK"
"1278","3","Great Britain"
"1278","4","England and Wales"
"1279","1","England"
"1280","1","England"
"1281","1","England"
"1282","1","England"
"1283","1","England"
"1284","1","England"
"1285","1","England"
"1286","1","England"
"1287","1","England"
"1288","1","England"
"1289","1","England"
"1290","1","England"
"1291","1","England"
"1292","1","England"
"1293","1","England"
"1294","1","England"
"1295","1","England"
"1296","1","England"
"1297","1","England"
"1298","1","England"
"1299","1","England"
"1300","1","England"
"1301","1","England"
"1302","1","England"
"1303","1","England"
"1304","1","England"
"1305","1","England"
"1306","1","England"
"1307","1","England"
"1308","1","England"
"1309","1","England"
"1310","1","England"
"1311","1","England"
"1312","1","England and Wales"
"1313","1","England"
"1314","1","England"
"1315","1","England"
"1316","1","England"
"1317","1","England"
"1318","1","England"
"1319","1","England"
"1320","1","England"
"1321","1","England"
"1322","1","England"
"1323","1","England"
"1324","1","England"
"1325","1","England"
"1326","1","England"
"1327","1","England"
"1328","1","England"
"1329","1","England"
"1330","1","England"
"1331","1","England"
"1332","1","England"
"1333","1","England"
"1334","1","England"
"1335","1","England"
"1336","1","England"
"1337","1","England"
"1338","1","England"
"1339","1","England"
"1340","1","England"
"1341","1","England"
"1342","1","England"
"1343","1","England"
"1344","1","England"
"1345","1","England"
"1346","1","England"
"1347","1","England"
"1348","1","England"
"1349","1","England"
"1350","1","England"
"1351","1","England"
"1352","1","England and Wales"
"1353","1","England"
"1354","1","England"
"1355","1","England"
"1356","1","England"
"1357","1","England"
"1358","1","England"
"1359","1","England"
"1360","1","England"
"1361","1","England"
"1361","2","England and Wales"
"1362","1","England"
"1363","1","England"
"1364","1","England"
"1365","1","England"
"1366","1","England"
"1367","1","England"
"1368","1","England"
"1369","1","England"
"1370","1","England"
"1371","1","England"
"1372","1","England"
"1373","1","England"
"1374","1","England"
"1375","1","England"
"1376","1","England"
"1377","1","England"
"1378","1","England"
"1379","1","England"
"1380","1","England"
"1381","1","England"
"1382","1","England"
"1383","1","England"
"1384","1","England"
"1385","1","England"
"1386","1","England"
"1387","1","England"
"1388","1","England"
"1389","1","England"
"1390","1","England"
"1391","1","England"
"1392","1","England"
"1393","1","England"
"1394","1","England"
"1395","1","England"
"1396","1","England"
"1397","1","England"
"1398","1","England"
"1399","1","England"
"1400","1","England"
"1401","1","England"
"1402","1","England"
"1403","1","England"
"1404","1","England"
"1405","1","England"
"1406","1","England"
"1407","1","England"
"1408","1","England"
"1409","1","England"
"1410","1","England"
"1411","1","England"
"1412","1","England"
"1413","1","England"
"1414","1","England"
"1415","1","England"
"1416","1","England"
"1417","1","England and Wales"
"1418","1","England"
"1419","1","England"
"1420","1","England and Wales"
"1421","1","England"
"1422","1","England"
"1423","1","England"
"1424","1","England"
"1425","1","England"
"1426","1","England"
"1427","1","England"
"1428","1","England"
"1429","1","England"
"1430","1","England"
"1431","1","England"
"1432","1","England"
"1433","1","England"
"1434","1","England"
"1435","1","England"
"1436","1","England"
"1437","1","England"
"1438","1","England"
"1439","1","England"
"1440","1","England"
"1441","1","England"
"1442","1","England"
"1443","1","England"
"1444","1","England"
"1445","1","England"
"1446","1","England"
"1447","1","England"
"1448","1","England"
"1449","1","England"
"1450","1","England"
"1451","1","England"
"1452","1","England"
"1453","1","England"
"1454","1","England"
"1455","1","England"
"1456","1","England"
"1457","1","England"
"1458","1","England"
"1459","1","England"
"1460","1","England"
"1461","1","England"
"1462","1","England"
"1463","1","England"
"1464","1","England"
"1465","1","England"
"1466","1","England"
"1467","1","England"
"1468","1","England"
"1469","1","England"
"1470","1","England"
"1471","1","England"
"1472","1","England"
"1473","1","England"
"1474","1","England"
"1475","1","England"
"1476","1","England"
"1477","1","England"
"1478","1","England"
"1479","1","England"
"1480","1","England"
"1481","1","England"
"1482","1","England"
"1483","1","England"
"1484","1","England"
"1485","1","England"
"1486","1","England"
"1487","1","England"
"1488","1","England"
"1489","1","England"
"1490","1","England"
"1491","1","England"
"1492","1","England"
"1493","1","Great Britain"
"1494","1","England"
"1495","1","England"
"1496","1","England"
"1497","1","England"
"1498","1","England"
"1498","2","Scotland"
"1498","3","Wales"
"1498","4","Northern Ireland"
"1498","5","UK"
"1499","1","England"
"1500","1","UK"
"1501","1","UK"
"1502","1","UK"
"1503","1","England"
"1503","2","Wales"
"1504","1","England"
"1505","1","England"
"1506","1","England"
"1506","2","UK"
"1507","1","England"
"1508","1","England and Wales"
"1509","1","England"
"1510","1","England"
"1511","1","England"
"1512","1","England"
"1513","1","England"
"1514","1","Wales"
"1515","1","England"
"1516","1","England"
"1517","1","England"
"1517","2","Great Britain"
"1518","1","England"
"1519","1","England"
"1520","1","England"
"1521","1","England"
"1522","1","England"
"1523","1","England"
"1524","1","England"
"1525","1","England and Wales"
"1526","1","England"
"1527","1","England"
"1528","1","England"
"1529","1","England and Wales"
"1530","1","England"
"1531","1","England"
"1532","1","England"
"1533","1","England"
"1534","1","England"
"1535","1","England"
"1536","1","England"
"1537","1","England"
"1538","1","England"
"1539","1","England"
"1540","1","England"
"1541","1","England"
"1542","1","England"
"1543","1","England"
"1544","1","England"
"1545","1","England"
"1546","1","England"
"1547","1","England"
"1548","1","England"
"1549","1","England"
"1550","1","England"
"1551","1","England"
"1552","1","England"
"1553","1","England"
"1554","1","England"
"1555","1","England"
"1556","1","England"
"1557","1","England"
"1558","1","England"
"1559","1","England"
"1560","1","England"
"1561","1","England"
"1562","1","England"
"1563","1","England"
"1564","1","England"
"1564","2","Great Britain"
"1564","3","England and Wales"
"1565","1","England"
"1566","1","England"
"1567","1","England"
"1567","2","UK"
"1568","1","England"
"1569","1","England"
"1570","1","England"
"1571","1","Northern Ireland"
"1571","2","Great Britain"
"1572","1","England and Wales"
"1573","1","England and Wales"
"1574","1","England"
"1575","1","England"
"1576","1","England"
"1577","1","England"
"1578","1","England"
"1579","1","England"
"1580","1","England"
"1581","1","England"
"1582","1","England"
"1583","1","England"
"1584","1","England"
"1585","1","England"
"1586","1","England"
"1587","1","England"
"1588","1","England"
"1589","1","England"
"1590","1","England"
"1591","1","England"
"1592","1","England"
"1593","1","England"
"1594","1","England"
"1595","1","England"
"1596","1","England"
"1597","1","England"
"1598","1","England"
"1599","1","England"
"1600","1","England"
"1601","1","England"
"1602","1","England"
"1603","1","England"
"1604","1","England"
"1605","1","England"
"1606","1","England"
"1607","1","England"
"1608","1","England"
"1609","1","England"
"1610","1","England"
"1611","1","England"
"1612","1","England"
"1613","1","England"
"1614","1","England"
"1615","1","England"
"1616","1","England and Wales"
"1617","1","England and Wales"
"1618","1","England and Wales"
"1619","1","England and Wales"
"1620","1","England and Wales"
"1621","1","England"
"1622","1","England"
"1623","1","England"
"1624","1","England"
"1625","1","England"
"1626","1","England"
"1627","1","England and Wales"
"1628","1","England"
"1629","1","England"
"1630","1","England"
"1631","1","England"
"1632","1","England"
"1633","1","England"
"1634","1","England"
"1635","1","England"
"1636","1","England"
"1637","1","England"
"1638","1","England"
"1639","1","England"
"1640","1","England"
"1641","1","England"
"1642","1","England"
"1643","1","England"
"1644","1","England"
"1645","1","England"
"1646","1","England"
"1647","1","England"
"1648","1","England"
"1649","1","England"
"1650","1","England"
"1651","1","England"
"1652","1","England"
"1653","1","England"
"1654","1","England"
"1655","1","England"
"1656","1","England"
"1657","1","England"
"1658","1","England"
"1659","1","England"
"1660","1","England"
"1661","1","England and Wales"
"1662","1","England"
"1663","1","England"
"1664","1","England"
"1665","1","England"
"1666","1","England"
"1667","1","England"
"1668","1","England"
"1669","1","England"
"1670","1","England"
"1670","2","Wales"
"1671","1","England"
"1672","1","England"
"1673","1","England"
"1674","1","England"
"1675","1","England"
"1676","1","England"
"1677","1","England"
"1678","1","England"
"1679","1","England"
"1680","1","England"
"1681","1","England, Wales and Northern Ireland"
"1682","1","England"
"1683","1","England"
"1684","1","England"
"1685","1","England"
"1686","1","England"
"1687","1","England"
"1688","1","England"
"1689","1","England and Wales"
"1690","1","England"
"1691","1","England"
"1692","1","England"
"1693","1","England"
"1694","1","England"
"1695","1","England"
"1696","1","England"
"1697","1","England"
"1698","1","England"
"1699","1","England"
"1700","1","England"
"1701","1","England"
"1702","1","England"
"1703","1","England"
"1704","1","England"
"1705","1","England"
"1706","1","England"
"1707","1","England"
"1708","1","England"
"1709","1","England"
"1710","1","England"
"1711","1","England"
"1712","1","England"
"1713","1","England"
"1714","1","England"
"1715","1","England"
"1716","1","England"
"1717","1","England"
"1718","1","England"
"1719","1","England"
"1720","1","England"
"1721","1","England"
"1722","1","England"
"1723","1","England"
"1724","1","England"
"1725","1","England"
"1725","2","Great Britain"
"1726","1","England"
"1727","1","England"
"1728","1","England"
"1729","1","England"
"1730","1","England"
"1731","1","England"
"1732","1","England"
"1733","1","England"
"1734","1","England"
"1735","1","England"
"1736","1","England"
"1737","1","England"
"1738","1","England"
"1739","1","England"
"1740","1","England"
"1741","1","England"
"1742","1","England"
"1743","1","England"
"1744","1","England"
"1745","1","England"
"1746","1","England"
"1747","1","England"
"1748","1","England"
"1749","1","England"
"1750","1","England"
"1751","1","England"
"1752","1","England"
"1753","1","England"
"1754","1","England"
"1755","1","England"
"1756","1","England"
"1757","1","England and Wales"
"1758","1","England"
"1758","2","Great Britain"
"1758","3","England, Wales and Northern Ireland"
"1759","1","England"
"1760","1","England"
"1761","1","England"
"1762","1","England"
"1763","1","England"
"1764","1","England"
"1765","1","England"
"1766","1","England"
"1767","1","England"
"1768","1","England"
"1769","1","England"
"1770","1","England"
"1771","1","England"
"1772","1","England"
"1773","1","England"
"1774","1","England"
"1775","1","England"
"1776","1","England"
"1777","1","England"
"1778","1","England"
"1779","1","England"
"1780","1","England"
"1781","1","England"
"1782","1","England"
"1783","1","England"
"1784","1","England"
"1785","1","England"
"1786","1","England"
"1787","1","England"
"1788","1","England"
"1789","1","England"
"1790","1","England"
"1791","1","England"
"1792","1","England"
"1793","1","England"
"1794","1","England"
"1795","1","England"
"1796","1","England"
"1797","1","England"
"1798","1","England"
"1799","1","England and Wales"
"1800","1","England"
"1801","1","England"
"1802","1","England"
"1803","1","England"
"1804","1","England"
"1805","1","England"
"1806","1","England"
"1807","1","England"
"1808","1","England"
"1809","1","England"
"1810","1","England"
"1811","1","England"
"1812","1","England"
"1813","1","England"
"1814","1","England"
"1815","1","England"
"1816","1","Scotland"
"1816","2","Northern Ireland"
"1816","3","UK"
"1816","4","England and Wales"
"1817","1","England"
"1818","1","England"
"1819","1","England"
"1820","1","England"
"1821","1","England"
"1822","1","England"
"1823","1","England"
"1824","1","England"
"1824","2","Scotland"
"1824","3","Wales"
"1824","4","Northern Ireland"
"1824","5","UK"
"1824","6","Great Britain"
"1825","1","Scotland"
"1825","2","Northern Ireland"
"1825","3","England and Wales"
"1826","1","England"
"1827","1","England"
"1828","1","England"
"1829","1","England"
"1830","1","England"
"1831","1","England"
"1832","1","England"
"1832","2","Scotland"
"1832","3","Wales"
"1832","4","Northern Ireland"
"1832","5","UK"
"1833","1","England"
"1833","2","UK"
"1834","1","England"
"1835","1","England"
"1836","1","England"
"1837","1","England"
"1838","1","England"
"1839","1","England"
"1840","1","England"
"1841","1","England"
"1842","1","England"
"1843","1","England"
"1844","1","England"
"1845","1","England"
"1846","1","England"
"1847","1","England"
"1848","1","England"
"1849","1","England"
"1850","1","England"
"1851","1","England"
"1852","1","England"
"1853","1","England"
"1854","1","England"
"1855","1","England"
"1856","1","England"
"1857","1","England"
"1858","1","England"
"1859","1","England"
"1860","1","England"
"1861","1","England"
"1862","1","England"
"1863","1","England"
"1864","1","England"
"1865","1","England"
"1866","1","England"
"1867","1","England"
"1868","1","England"
"1869","1","England"
"1870","1","England"
"1871","1","England"
"1872","1","England"
"1873","1","England"
"1874","1","England"
"1875","1","England"
"1876","1","England"
"1877","1","England"
"1878","1","England"
"1879","1","England"
"1880","1","England"
"1880","2","UK"
"1881","1","England"
"1882","1","England"
"1883","1","England"
"1884","1","England"
"1885","1","England"
"1886","1","England"
"1887","1","England"
"1888","1","England"
"1889","1","England"
"1890","1","England"
"1891","1","England"
"1892","1","England and Wales"
"1893","1","England"
"1894","1","England"
"1895","1","England"
"1896","1","England"
"1897","1","England"
"1898","1","England"
"1899","1","England and Wales"
"1900","1","England"
"1901","1","England"
"1902","1","England"
"1903","1","England"
"1904","1","England"
"1905","1","England"
"1906","1","England"
"1907","1","England"
"1908","1","England"
"1909","1","England"
"1910","1","England"
"1911","1","England"
"1912","1","England"
"1913","1","England"
"1914","1","England"
"1915","1","England"
"1916","1","England"
"1917","1","England"
"1918","1","England"
"1919","1","England"
"1920","1","England"
"1921","1","England"
"1922","1","England"
"1923","1","England"
"1924","1","England"
"1925","1","England and Wales"
"1926","1","England"
"1927","1","England"
"1928","1","England"
"1929","1","England"
"1930","1","Wales"
"1931","1","England"
"1932","1","England"
"1933","1","England"
"1934","1","England and Wales"
"1935","1","England"
"1936","1","England"
"1937","1","England"
"1938","1","England"
"1939","1","England"
"1940","1","England"
"1941","1","England"
"1942","1","England and Wales"
"1943","1","England"
"1944","1","England"
"1945","1","England"
"1946","1","England"
"1947","1","England"
"1948","1","England"
"1949","1","England"
"1950","1","England"
"1951","1","England"
"1952","1","England"
"1953","1","England"
"1954","1","England"
"1955","1","England"
"1956","1","England"
"1957","1","England"
"1958","1","England"
"1959","1","England"
"1960","1","England"
"1961","1","England"
"1962","1","England"
"1963","1","England"
"1964","1","England"
"1965","1","England"
"1966","1","England"
"1967","1","England"
"1968","1","England"
"1969","1","England"
"1970","1","England"
"1971","1","England"
"1972","1","England"
"1973","1","England"
"1974","1","England and Wales"
"1975","1","England"
"1976","1","England"
"1977","1","England"
"1978","1","England"
"1979","1","England"
"1980","1","England"
"1981","1","England"
"1982","1","England"
"1983","1","England and Wales"
"1984","1","England"
"1985","1","England"
"1986","1","England"
"1987","1","Great Britain"
"1988","1","England"
"1989","1","England"
"1990","1","England"
"1991","1","England"
"1992","1","England"
"1993","1","England"
"1994","1","England"
"1995","1","England"
"1996","1","England"
"1997","1","England"
"1998","1","England"
"1999","1","England"
"2000","1","England"
"2001","1","England"
"2002","1","England"
"2003","1","England"
"2004","1","England"
"2005","1","England"
"2006","1","England"
"2007","1","England and Wales"
"2008","1","England"
"2009","1","England"
"2010","1","England"
"2011","1","England"
"2012","1","England"
"2013","1","England"
"2014","1","England"
"2015","1","England"
"2016","1","England"
"2017","1","England"
"2018","1","England"
"2019","1","England"
"2020","1","England"
"2021","1","England"
"2022","1","England"
"2023","1","England"
"2024","1","England"
"2025","1","England"
"2026","1","England"
"2027","1","England"
"2028","1","England and Wales"
"2029","1","England"
"2030","1","England"
"2031","1","England"
"2032","1","England"
"2033","1","England"
"2034","1","England"
"2035","1","England"
"2036","1","England"
"2037","1","England"
"2038","1","England"
"2039","1","England"
"2040","1","England"
"2041","1","England"
"2042","1","England"
"2043","1","England"
"2044","1","England"
"2045","1","England"
"2046","1","England"
"2047","1","England"
"2048","1","England"
"2049","1","England"
"2050","1","England"
"2051","1","England"
"2052","1","England"
"2053","1","England"
"2054","1","England"
"2055","1","England"
"2056","1","England"
"2057","1","England"
"2058","1","England"
"2059","1","England"
"2060","1","England"
"2061","1","England"
"2062","1","England"
"2063","1","England"
"2064","1","England"
"2065","1","England"
"2066","1","England"
"2067","1","England"
"2067","2","UK"
"2067","3","Great Britain"
"2068","1","England"
"2069","1","England"
"2070","1","England"
"2071","1","England"
"2072","1","England"
"2073","1","England"
"2074","1","England"
"2075","1","England"
"2076","1","England"
"2077","1","England"
"2078","1","England"
"2079","1","England"
"2080","1","England"
"2081","1","England"
"2082","1","England"
"2083","1","England"
"2084","1","England"
"2085","1","England"
"2086","1","England"
"2087","1","England"
"2088","1","England"
"2089","1","England"
"2090","1","England"
"2091","1","England"
"2092","1","England"
"2093","1","England"
"2094","1","England"
"2095","1","England"
"2096","1","England"
"2097","1","England"
"2098","1","England"
"2099","1","England"
"2100","1","England"
"2101","1","England"
"2102","1","England"
"2103","1","England"
"2104","1","England"
"2105","1","England"
"2106","1","England"
"2107","1","England"
"2108","1","England"
"2109","1","England"
"2110","1","England"
"2111","1","England"
"2112","1","England"
"2113","1","England"
"2113","2","Great Britain"
"2113","3","England and Wales"
"2114","1","England"
"2115","1","England"
"2116","1","England"
"2117","1","England"
"2118","1","England"
"2119","1","England"
"2120","1","England"
"2121","1","England"
"2122","1","England"
"2123","1","England"
"2124","1","England"
"2125","1","England"
"2126","1","England"
"2127","1","England"
"2128","1","England"
"2129","1","England"
"2129","2","Scotland"
"2129","3","Wales"
"2129","4","Northern Ireland"
"2129","5","UK"
"2130","1","England"
"2130","2","Scotland"
"2130","3","Wales"
"2130","4","Northern Ireland"
"2130","5","UK"
"2131","1","England"
"2131","2","Scotland"
"2131","3","Wales"
"2131","4","Northern Ireland"
"2131","5","UK"
"2132","1","England"
"2132","2","Scotland"
"2132","3","Wales"
"2132","4","Northern Ireland"
"2132","5","UK"
"2133","1","England"
"2134","1","England"
"2135","1","England"
"2136","1","England"
"2137","1","England"
"2138","1","England"
"2139","1","England"
"2140","1","England"
"2141","1","England"
"2142","1","England"
"2143","1","England"
"2144","1","England"
"2145","1","England"
"2146","1","England"
"2147","1","England"
"2148","1","England"
"2149","1","England"
"2150","1","England"
"2151","1","England"
"2152","1","England"
"2153","1","England"
"2154","1","England"
"2155","1","England"
"2156","1","England"
"2157","1","England"
"2158","1","England"
"2159","1","England and Wales"
"2160","1","England"
"2161","1","England"
"2162","1","England"
"2163","1","England"
"2164","1","England"
"2165","1","England"
"2166","1","England"
"2166","2","UK"
"2167","1","England"
"2168","1","England"
"2169","1","England"
"2170","1","England"
"2171","1","England"
"2172","1","England"
"2173","1","England"
"2174","1","England"
"2175","1","England"
"2176","1","England"
"2177","1","England"
"2178","1","England"
"2179","1","England"
"2180","1","England"
"2181","1","England"
"2182","1","England"
"2183","1","England"
"2184","1","England"
"2185","1","England"
